company_profile_id,url,ordering
289,www.quiksilverinc.com,0
2427,www.nymagic.com,0
5283,www.coastalconstruction.com,0
7073,www.essenthealthcare.com,0
7514,www.p1tech.com,0
7703,www.zila.com,0
9402,www.wawa.com,0
9757,www.AccountControl.com,0
9757,www.accountcontrolholdings.com,0
9873,www.alexandani.com,0
10254,www.birch.com,0
10522,www.centurypayments.com,0
14500,www.abg-nyc.com,0
14500,www.authenticbrandsgroup.com,0
14532,www.gibson.com,0
15712,www.SystemsMadeSimple.com,0
15865,www.ryla.com,0
16037,www.PrecisionFlow.com,0
17291,www.nextfinancialholdings.com,0
17890,www.ThinkFinance.com,0
18103,www.WorldVentures.com,0
18696,www.prosper.com,0
18713,www.appirio.com,0
19280,www.docusign.com,0
19417,www.extremereach.com,0
19422,www.fab.com,0
20225,www.outbrain.com,0
20239,www.palantir.com,0
20318,www.sgn.com,0
20374,www.pubmatic.com,0
21435,www.agfinityinc.com,0
21435,www.aglandinc.com,0
21605,www.scribd.com,0
21959,www.serviceking.com,0
22059,www.heidelbergdistributing.com,0
22122,www.kastbuild.com,0
22528,www.lindsayacura.com,0
22528,www.lindsaycars.com,0
22528,www.lindsayhonda.com,0
22528,www.lindsayhonda.com/www.lindsayacura.com,0
22821,www.robertsobayashi.com,0
23574,www.mhplan.com,0
24960,www.HealthDiagnostics.com,0
28405,www.teplis.com,0
28762,www.kitchell.com,0
29016,www.oakwoodhomesco.com,0
29245,www.harvestpower.com,0
29508,www.batonrouge.mercedesdealer.com,0
29508,www.mbobr.com,0
29891,www.mediamath.com,0
30147,www.CreditKarma.com,0
30539,www.mulesoft.com,0
33098,www.balboa.com,0
33602,www.buildgc.com,0
34355,www.aaski.com,0
34684,www.awireless.net,0
34684,www.myawireless.com,0
34684,www.vzawireless.com,0
34780,www.ubermind.com,0
37221,www.4info.com,0
37677,www.hudsoncap.com,0
44566,www.toms.com,0
50497,www.johnvarvatos.com,0
50599,www.kixeye.com,0
54608,www.trusthouseservices.com,0
65142,www.usag-inc.com,0
65148,www.worldviewtravel.com,0
87349,www.ebscohost.com,0
87987,www.chinaconstruction.us,0
95137,www.summerhillhomes.com,0
95211,www.woodpartners.com,0
96670,www.tecomet.com,0
97914,www.amf.com,0
97914,www.bowlbrunswick.com,0
97914,www.bowlero.com,0
97914,www.bowlmor.com,0
97914,www.bowlmoramf.com,0
97914,www.brunswicks.com,0
98226,www.caerusoilandgas.com,0
128966,www.screamindailydeals.com,0
129090,www.largoconcrete.com,0
131454,www.unos.com,0
132647,www.rmdfw.com,0
136159,www.KINDSnacks.com,0
136859,www.SelectFamily.com,0
136865,www.TargetLogistics.net,0
137102,www.ZTWealth.com,0
141542,www.indeed.com,0
154213,www.choxi.com,0
252390,www.jeunesseglobal.com,0
254765,www.vericrestfinancial.com,0
256084,www.dynamicsystemsusa.com,0
257605,www.graebel.com,0
264914,www.stitchfix.com,0
267972,www.webroot.com,0
272185,www.genpak.com,0
303048,www.therealreal.com,0
303112,www.americanfamilycare.com,0
304248,www.akship.com,0
304248,www.akship.net,0
304248,www.vigoralaska.com,0
306003,www.WeatherTech.com,0
325051,www.kodiakbp.com,0
325644,www.sundt.com,0
326247,www.adamscomm.com,0
326616,www.nerium.com,0
327075,www.jpcycles.com,0
327075,www.maggroup.com,0
327075,www.MotorcycleSuperstore.com,0
328031,www.ccre.com,0
328843,www.intelligentaudit.com,0
329131,www.topgolf.com,0
329149,www.greenboxfoods.com,0
329247,www.movement.com,0
329247,www.movementmortgage.com,0
329283,www.gofox.com,0
348227,www.nudgeyourself.com,0
525778,www.alstonco.com,0
525784,www.level10gc.com,0
542397,www.healthcarereit2.com,0
610446,www.inteplast.com,0
614809,www.questnutrition.com,0
614848,www.daseke.com,0
615582,www.horizonmort.com,0
616125,www.sigsauer.com,0
616135,www.macmulkin.net,0
616135,www.thompsonauto.net,0
616144,www.hutterconstruction.com,0
618320,www.crescentcommunities.com,0
779745,www.peoplestrustinsurance.com,0
783665,www.applovin.com,0
783673,www.carvana.com,0
830571,www.gibsonsothebysrealty.com,0
903759,www.plexusworldwide.com,0
929026,www.loenbro.com,0
957335,www.bluproducts.com,0
957826,www.wng.com,0
957826,www.wng.com/index.cfm?action=wnc&PageID=11,0
966650,www.xoomenergy.com,0
967126,www.bioplusrx.com,0
969443,www.syncsort.com,0
970016,www.jmbullion.com,0
1047828,www.gouldspumps.com,0
1060164,www.mms.com,0
